pk_companies;de_situacao;de_classif_natureza_juridica;faixa_veiculo;de_natureza_juridica;cd_natureza_juridica;veiculos_antt;fl_optante_simples;fl_optante_simei;fl_matriz;de_saude_tributaria;de_nivel_atividade
489;ATIVA;PRIVADO;;SOCIEDADE ANONIMA ABERTA;2046;Não;Não;Não;Não;VERMELHO;MEDIA
553;ATIVA;PUBLICO;0 a 5;ORGAO PUBLICO DO PODER EXECUTIVO ESTADUAL OU DO DISTRITO FEDERAL;1023;Não;Não;Não;Não;VERDE;MEDIA
5;ATIVA;PRIVADO;;EMPRESARIO INDIVIDUAL;2135;Não;Sim;Sim;Sim;AMARELO;MEDIA
150;ATIVA;PRIVADO;;SOCIEDADE ANONIMA FECHADA;2054;Não;Não;Não;Sim;AZUL;MEDIA
2;ATIVA;PRIVADO;;SOCIEDADE EMPRESARIA LIMITADA;2062;Não;Não;Não;Sim;AMARELO;MEDIA
151;ATIVA;PRIVADO;;ASSOCIACAO PRIVADA;3999;Não;Não;Não;Sim;AMARELO;ALTA
3;BAIXADA;PRIVADO;;SOCIEDADE EMPRESARIA LIMITADA;2062;Não;Não;Não;Sim;Não Informado;INATIVA
4;BAIXADA;PRIVADO;;EMPRESARIO INDIVIDUAL;2135;Não;Não;Não;Sim;Não Informado;INATIVA
153;ATIVA;PRIVADO;;ORGANIZACAO RELIGIOSA;3220;Não;Não;Não;Sim;AMARELO;MEDIA
152;ATIVA;PRIVADO;;CLUBE FUNDO DE INVESTIMENTO;2224;Não;Não;Não;Sim;AZUL;ALTA
7;ATIVA;PRIVADO;;SOCIEDADE EMPRESARIA LIMITADA;2062;Não;Sim;Não;Sim;AZUL;ALTA
209;BAIXADA;PRIVADO;;PRODUTOR RURAL PESSOA FISICA;4120;Não;Não;Não;Não;Não Informado;INATIVA
210;ATIVA;PRIVADO;;SOCIEDADE SIMPLES LIMITADA;2240;Não;Não;Não;Sim;VERDE;MEDIA
6;ATIVA;PRIVADO;0 a 5;EMPRESARIO INDIVIDUAL;2135;Não;Sim;Não;Sim;AZUL;BAIXA
229;ATIVA;PRIVADO;0 a 5;EMPRESARIO INDIVIDUAL;2135;Não;Sim;Não;Sim;VERMELHO;BAIXA
237;ATIVA;PRIVADO;;EMPRESARIO INDIVIDUAL;2135;Não;Não;Não;Sim;VERMELHO;BAIXA
9;ATIVA;PRIVADO;;SOCIEDADE ANONIMA ABERTA;2046;Não;Não;Não;Não;VERDE;MEDIA
246;ATIVA;PRIVADO;;EMPRESA INDIVIDUAL DE RESPONSABILIDADE LIMITADA DE NATUREZA EMPRESARIA;2305;Não;Sim;Não;Sim;VERDE;ALTA
256;ATIVA;PRIVADO;0 a 5;SOCIEDADE EMPRESARIA LIMITADA;2062;Não;Sim;Não;Sim;VERDE;MEDIA
261;ATIVA;PRIVADO;0 a 5;SOCIEDADE ANONIMA FECHADA;2054;Não;Não;Não;Não;VERDE;ALTA
550;ATIVA;PRIVADO;;EMPRESARIO INDIVIDUAL;2135;Não;Não;Não;Não;VERMELHO;BAIXA
264;ATIVA;PRIVADO;0 a 5;EMPRESARIO INDIVIDUAL;2135;Não;Não;Não;Sim;VERDE;ALTA
268;ATIVA;PRIVADO;;EMPRESARIO INDIVIDUAL;2135;Não;Não;Não;Sim;VERMELHO;MEDIA
270;ATIVA;PRIVADO;;SOCIEDADE SIMPLES LIMITADA;2240;Não;Não;Não;Sim;AZUL;BAIXA
277;BAIXADA;PRIVADO;11 a 15;EMPRESARIO INDIVIDUAL;2135;Não;Não;Não;Sim;LARANJA;INATIVA
238;ATIVA;PRIVADO;0 a 5;EMPRESARIO INDIVIDUAL;2135;Não;Não;Não;Sim;AZUL;BAIXA
551;ATIVA;PRIVADO;;ORGANIZACAO RELIGIOSA;3220;Não;Não;Não;Sim;VERDE;MEDIA
278;ATIVA;PRIVADO;0 a 5;SOCIEDADE ANONIMA FECHADA;2054;Não;Não;Não;Sim;VERDE;ALTA
290;ATIVA;PRIVADO;0 a 5;ASSOCIACAO PRIVADA;3999;Não;Não;Não;Sim;VERDE;ALTA
276;BAIXADA;PRIVADO;;EMPRESARIO INDIVIDUAL;2135;Não;Sim;Não;Sim;AMARELO;INATIVA
292;ATIVA;PRIVADO;;EMPRESARIO INDIVIDUAL;2135;Não;Sim;Não;Não;AMARELO;ALTA
293;BAIXADA;PRIVADO;0 a 5;SOCIEDADE ANONIMA FECHADA;2054;Não;Não;Não;Sim;Não Informado;INATIVA
245;ATIVA;PRIVADO;0 a 5;EMPRESARIO INDIVIDUAL;2135;Não;Sim;Não;Sim;AMARELO;MEDIA
296;ATIVA;PRIVADO;;FUNDACAO PRIVADA;3069;Não;Não;Não;Não;VERDE;ALTA
22;ATIVA;PRIVADO;;EMPRESA INDIVIDUAL DE RESPONSABILIDADE LIMITADA DE NATUREZA SIMPLES;2313;Não;Sim;Não;Sim;VERDE;ALTA
297;BAIXADA;PRIVADO;;SOCIEDADE EMPRESARIA LIMITADA;2062;Não;Sim;Não;Sim;VERDE;INATIVA
255;ATIVA;PRIVADO;;EMPRESA INDIVIDUAL DE RESPONSABILIDADE LIMITADA DE NATUREZA SIMPLES;2313;Não;Não;Não;Não;VERMELHO;MEDIA
547;ATIVA;PUBLICO;;AUTARQUIA FEDERAL;1104;Não;Não;Não;Não;VERMELHO;MEDIA
298;ATIVA;PRIVADO;;SOCIEDADE ANONIMA ABERTA;2046;Não;Não;Não;Não;VERMELHO;BAIXA
316;ATIVA;PRIVADO;11 a 15;SOCIEDADE EMPRESARIA LIMITADA;2062;Não;Não;Não;Sim;VERDE;ALTA
26;ATIVA;PRIVADO;0 a 5;ORGANIZACAO RELIGIOSA;3220;Não;Não;Não;Não;VERDE;ALTA
27;ATIVA;PRIVADO;;ASSOCIACAO PRIVADA;3999;Não;Não;Não;Sim;VERMELHO;MEDIA
326;BAIXADA;PRIVADO;0 a 5;EMPRESARIO INDIVIDUAL;2135;Não;Não;Não;Sim;AZUL;INATIVA
328;ATIVA;PRIVADO;0 a 5;EMPRESARIO INDIVIDUAL;2135;Não;Não;Não;Sim;LARANJA;MEDIA
333;ATIVA;PRIVADO;;COOPERATIVA;2143;Não;Não;Não;Sim;AZUL;ALTA
340;BAIXADA;PRIVADO;;EMPRESA INDIVIDUAL DE RESPONSABILIDADE LIMITADA DE NATUREZA EMPRESARIA;2305;Não;Sim;Não;Sim;VERDE;INATIVA
334;ATIVA;PRIVADO;;COOPERATIVA;2143;Não;Não;Não;Não;LARANJA;BAIXA
342;ATIVA;PRIVADO;;EMPRESARIO INDIVIDUAL;2135;Não;Não;Não;Não;VERMELHO;MEDIA
344;ATIVA;PRIVADO;;SOCIEDADE ANONIMA FECHADA;2054;Não;Não;Não;Não;VERDE;MEDIA
348;ATIVA;PRIVADO;0 a 5;SOCIEDADE SIMPLES LIMITADA;2240;Não;Não;Não;Sim;AZUL;ALTA
353;BAIXADA;PRIVADO;;COOPERATIVA;2143;Não;Não;Não;Sim;Não Informado;INATIVA
299;ATIVA;PRIVADO;;SOCIEDADE SIMPLES LIMITADA;2240;Não;Não;Não;Sim;LARANJA;MEDIA
362;BAIXADA;PRIVADO;;SOCIEDADE EMPRESARIA LIMITADA;2062;Não;Não;Não;Não;AMARELO;INATIVA
18;ATIVA;PRIVADO;0 a 5;SOCIEDADE EMPRESARIA LIMITADA;2062;Não;Sim;Não;Sim;VERDE;ALTA
17;BAIXADA;PRIVADO;;ASSOCIACAO PRIVADA;3999;Não;Não;Não;Sim;Não Informado;INATIVA
322;BAIXADA;PRIVADO;;SOCIEDADE EMPRESARIA LIMITADA;2062;Não;Não;Não;Não;VERMELHO;INATIVA
19;ATIVA;PRIVADO;;EMPRESARIO INDIVIDUAL;2135;Não;Sim;Não;Sim;LARANJA;BAIXA
367;ATIVA;PRIVADO;0 a 5;SOCIEDADE SIMPLES LIMITADA;2240;Não;Sim;Não;Sim;AZUL;ALTA
369;ATIVA;PRIVADO;0 a 5;SOCIEDADE EMPRESARIA LIMITADA;2062;Não;Sim;Não;Sim;AMARELO;MEDIA
371;BAIXADA;PRIVADO;;SOCIEDADE ANONIMA FECHADA;2054;Não;Não;Não;Não;AMARELO;INATIVA
376;ATIVA;PRIVADO;;EMPRESA INDIVIDUAL DE RESPONSABILIDADE LIMITADA DE NATUREZA EMPRESARIA;2305;Não;Não;Não;Sim;AZUL;ALTA
379;ATIVA;PRIVADO;11 a 15;SOCIEDADE EMPRESARIA LIMITADA;2062;Não;Sim;Não;Sim;VERDE;ALTA
368;BAIXADA;PRIVADO;;PRODUTOR RURAL PESSOA FISICA;4120;Não;Não;Não;Sim;Não Informado;INATIVA
203;ATIVA;PRIVADO;;FUNDACAO PRIVADA;3069;Não;Não;Não;Não;AMARELO;MEDIA
309;ATIVA;PRIVADO;0 a 5;EMPRESARIO INDIVIDUAL;2135;Não;Sim;Não;Sim;LARANJA;MUITO BAIXA
384;ATIVA;PRIVADO;0 a 5;SOCIEDADE EMPRESARIA LIMITADA;2062;Não;Não;Não;Não;VERMELHO;BAIXA
375;ATIVA;PRIVADO; > 50;SOCIEDADE EMPRESARIA LIMITADA;2062;Não;Não;Não;Não;VERDE;ALTA
385;BAIXADA;PRIVADO;;SOCIEDADE SIMPLES LIMITADA;2240;Não;Não;Não;Sim;AMARELO;INATIVA
394;ATIVA;PRIVADO;;SOCIEDADE SIMPLES LIMITADA;2240;Não;Sim;Não;Sim;LARANJA;MEDIA
363;ATIVA;PRIVADO;0 a 5;REPRESENTACAO DIPLOMATICA ESTRANGEIRA;5029;Não;Não;Não;Sim;VERDE;ALTA
247;ATIVA;PRIVADO;;PRODUTOR RURAL PESSOA FISICA;4120;Não;Não;Não;Sim;LARANJA;BAIXA
543;ATIVA;PRIVADO;6 a 10;SOCIEDADE EMPRESARIA LIMITADA;2062;Não;Não;Não;Não;VERMELHO;BAIXA
398;ATIVA;PUBLICO;;ORGAO DE DIRECAO LOCAL DE PARTIDO POLITICO;3271;Não;Não;Não;Sim;LARANJA;BAIXA
271;ATIVA;PRIVADO;0 a 5;SOCIEDADE EMPRESARIA LIMITADA;2062;Não;Não;Não;Sim;VERMELHO;MEDIA
8;ATIVA;PRIVADO;;SOCIEDADE EMPRESARIA LIMITADA;2062;Não;Sim;Não;Sim;VERDE;ALTA
13;ATIVA;PRIVADO;;EMPRESARIO INDIVIDUAL;2135;Não;Sim;Não;Sim;VERDE;ALTA
12;ATIVA;PRIVADO;;ASSOCIACAO PRIVADA;3999;Não;Não;Não;Sim;VERDE;ALTA
160;ATIVA;PRIVADO;;EMPRESA INDIVIDUAL IMOBILIARIA;4014;Não;Não;Não;Não;VERDE;MEDIA
16;ATIVA;PRIVADO;;SOCIEDADE EMPRESARIA LIMITADA;2062;Não;Não;Não;Não;VERMELHO;BAIXA
402;ATIVA;PRIVADO;;SERVICO NOTARIAL E REGISTRAL CARTORIO;3034;Não;Não;Não;Sim;VERDE;MEDIA
15;ATIVA;PRIVADO;;EMPRESARIO INDIVIDUAL;2135;Não;Sim;Não;Sim;AZUL;ALTA
10;ATIVA;PRIVADO;;SOCIEDADE EMPRESARIA LIMITADA;2062;Não;Não;Não;Sim;LARANJA;MEDIA
14;ATIVA;PRIVADO;;ASSOCIACAO PRIVADA;3999;Não;Não;Não;Sim;AZUL;MEDIA
161;ATIVA;PUBLICO;;ORGAO DE DIRECAO REGIONAL DE PARTIDO POLITICO;3263;Não;Não;Não;Sim;AMARELO;MEDIA
159;ATIVA;PRIVADO;;SERVICO NOTARIAL E REGISTRAL CARTORIO;3034;Não;Não;Não;Sim;LARANJA;ALTA
158;ATIVA;PRIVADO;;SOCIEDADE SIMPLES LIMITADA;2240;Não;Não;Não;Sim;VERDE;ALTA
157;ATIVA;PRIVADO;;SOCIEDADE SIMPLES PURA;2232;Não;Sim;Não;Sim;AZUL;MEDIA
162;ATIVA;PRIVADO;;EMPRESARIO INDIVIDUAL;2135;Não;Sim;Não;Sim;AMARELO;ALTA
11;ATIVA;PRIVADO;;SOCIEDADE EMPRESARIA LIMITADA;2062;Não;Não;Não;Sim;AZUL;MEDIA
279;ATIVA;PRIVADO;;SOCIEDADE EMPRESARIA LIMITADA;2062;Não;Sim;Não;Sim;VERMELHO;ALTA
397;ATIVA;PUBLICO;;EMPRESA PUBLICA;2011;Não;Não;Não;Não;VERDE;MEDIA
403;ATIVA;PRIVADO;0 a 5;SOCIEDADE EMPRESARIA LIMITADA;2062;Não;Sim;Não;Sim;AMARELO;BAIXA
156;ATIVA;PRIVADO;;EMPRESARIO INDIVIDUAL;2135;Não;Não;Não;Não;VERDE;ALTA
155;ATIVA;PRIVADO;0 a 5;EMPRESARIO INDIVIDUAL;2135;Não;Sim;Sim;Sim;AZUL;MEDIA
154;ATIVA;PRIVADO;;CONDOMINIO EDILICIO;3085;Não;Não;Não;Sim;AZUL;ALTA
408;BAIXADA;PRIVADO;0 a 5;EMPRESARIO INDIVIDUAL;2135;Não;Não;Não;Sim;AMARELO;INATIVA
410;ATIVA;PRIVADO;;SOCIEDADE SIMPLES LIMITADA;2240;Não;Não;Não;Não;VERMELHO;BAIXA
415;ATIVA;PRIVADO;;SOCIEDADE ANONIMA FECHADA;2054;Não;Não;Não;Sim;VERDE;MEDIA
219;ATIVA;PRIVADO;;SOCIEDADE EMPRESARIA LIMITADA;2062;Não;Sim;Não;Não;VERMELHO;MEDIA
310;BAIXADA;PRIVADO;0 a 5;SOCIEDADE SIMPLES LIMITADA;2240;Não;Não;Não;Sim;Não Informado;INATIVA
416;ATIVA;PRIVADO;16 a 30;SOCIEDADE EMPRESARIA LIMITADA;2062;Não;Não;Não;Sim;AZUL;ALTA
420;ATIVA;PRIVADO;;EMPRESA INDIVIDUAL IMOBILIARIA;4014;Não;Não;Não;Sim;LARANJA;MEDIA
432;ATIVA;PRIVADO;0 a 5;SOCIEDADE SIMPLES LIMITADA;2240;Não;Não;Não;Sim;VERDE;ALTA
234;ATIVA;PRIVADO;0 a 5;PRODUTOR RURAL PESSOA FISICA;4120;Não;Não;Não;Sim;AMARELO;MEDIA
435;ATIVA;PUBLICO;31 a 50;MUNICIPIO;1244;Não;Não;Não;Sim;AZUL;ALTA
346;ATIVA;PRIVADO;0 a 5;SOCIEDADE SIMPLES LIMITADA;2240;Não;Não;Não;Sim;VERDE;MEDIA
254;BAIXADA;PRIVADO;;COOPERATIVA;2143;Não;Não;Não;Não;Não Informado;INATIVA
288;ATIVA;PRIVADO;;SERVICO SOCIAL AUTONOMO;3077;Não;Não;Não;Não;VERDE;ALTA
338;ATIVA;PRIVADO;11 a 15;SOCIEDADE EMPRESARIA LIMITADA;2062;Sim;Sim;Não;Sim;VERDE;ALTA
438;ATIVA;PRIVADO;0 a 5;EMPRESARIO INDIVIDUAL;2135;Não;Não;Não;Sim;VERMELHO;BAIXA
252;BAIXADA;PRIVADO;;SOCIEDADE EMPRESARIA LIMITADA;2062;Não;Sim;Não;Não;VERDE;INATIVA
440;ATIVA;PRIVADO;0 a 5;EMPRESARIO INDIVIDUAL;2135;Não;Sim;Sim;Sim;LARANJA;MUITO BAIXA
223;ATIVA;PRIVADO;;SERVICO NOTARIAL E REGISTRAL CARTORIO;3034;Não;Não;Não;Sim;AZUL;MEDIA
443;ATIVA;PRIVADO;;PRODUTOR RURAL PESSOA FISICA;4120;Não;Não;Não;Sim;AZUL;ALTA
448;ATIVA;PRIVADO;;EMPRESARIO INDIVIDUAL;2135;Não;Sim;Não;Não;AMARELO;MEDIA
365;ATIVA;PRIVADO;6 a 10;SOCIEDADE EMPRESARIA LIMITADA;2062;Não;Não;Não;Não;VERDE;ALTA
453;ATIVA;PRIVADO;0 a 5;EMPRESA INDIVIDUAL DE RESPONSABILIDADE LIMITADA DE NATUREZA EMPRESARIA;2305;Não;Não;Não;Sim;LARANJA;BAIXA
447;ATIVA;PUBLICO;0 a 5;AUTARQUIA MUNICIPAL;1120;Não;Não;Não;Sim;AZUL;ALTA
325;ATIVA;PRIVADO;;COOPERATIVA;2143;Não;Não;Não;Sim;AMARELO;MEDIA
456;ATIVA;PRIVADO;;ORGANIZACAO RELIGIOSA;3220;Não;Não;Não;Sim;AZUL;ALTA
253;ATIVA;PRIVADO;;PRODUTOR RURAL PESSOA FISICA;4120;Não;Não;Não;Sim;VERDE;ALTA
459;ATIVA;PRIVADO;;SOCIEDADE SIMPLES LIMITADA;2240;Não;Não;Não;Sim;AMARELO;ALTA
446;ATIVA;PRIVADO;0 a 5;SOCIEDADE EMPRESARIA LIMITADA;2062;Não;Não;Não;Não;VERDE;MEDIA
460;ATIVA;PRIVADO;0 a 5;EMPRESA INDIVIDUAL DE RESPONSABILIDADE LIMITADA DE NATUREZA EMPRESARIA;2305;Não;Não;Não;Não;VERDE;MEDIA
263;ATIVA;PRIVADO;0 a 5;EMPRESARIO INDIVIDUAL;2135;Não;Sim;Não;Sim;LARANJA;MEDIA
235;BAIXADA;PRIVADO;;EMPRESARIO INDIVIDUAL;2135;Não;Sim;Não;Sim;VERMELHO;INATIVA
454;ATIVA;PRIVADO;11 a 15;SOCIEDADE EMPRESARIA LIMITADA;2062;Não;Não;Não;Não;VERDE;ALTA
241;ATIVA;PUBLICO;;ORGAO DE DIRECAO LOCAL DE PARTIDO POLITICO;3271;Não;Não;Não;Sim;AMARELO;ALTA
552;ATIVA;PRIVADO;;ENTIDADE SINDICAL;3131;Não;Não;Não;Sim;AZUL;ALTA
458;ATIVA;PRIVADO;16 a 30;SOCIEDADE EMPRESARIA LIMITADA;2062;Não;Não;Não;Sim;LARANJA;MEDIA
327;ATIVA;PRIVADO;;ENTIDADE SINDICAL;3131;Não;Não;Não;Sim;VERMELHO;BAIXA
378;ATIVA;PUBLICO;;MUNICIPIO;1244;Não;Não;Não;Não;VERMELHO;MEDIA
319;ATIVA;PRIVADO;0 a 5;EMPRESA INDIVIDUAL DE RESPONSABILIDADE LIMITADA DE NATUREZA EMPRESARIA;2305;Não;Não;Não;Sim;AZUL;MEDIA
336;ATIVA;PRIVADO;0 a 5;SOCIEDADE EMPRESARIA LIMITADA;2062;Não;Não;Não;Não;AMARELO;ALTA
227;ATIVA;PRIVADO;;CONSORCIO DE SOCIEDADES;2151;Não;Não;Não;Sim;AZUL;MEDIA
461;BAIXADA;PRIVADO;;SOCIEDADE EMPRESARIA LIMITADA;2062;Não;Sim;Não;Sim;AMARELO;INATIVA
64;ATIVA;PRIVADO;0 a 5;EMPRESARIO INDIVIDUAL;2135;Não;Não;Não;Sim;AZUL;ALTA
242;ATIVA;PRIVADO;0 a 5;SOCIEDADE EMPRESARIA LIMITADA;2062;Não;Sim;Não;Sim;LARANJA;ALTA
216;ATIVA;PRIVADO;;SOCIEDADE EMPRESARIA LIMITADA;2062;Não;Não;Não;Não;AMARELO;BAIXA
65;ATIVA;PRIVADO;;EMPRESARIO INDIVIDUAL;2135;Não;Sim;Não;Sim;VERMELHO;MEDIA
273;BAIXADA;PRIVADO;;SOCIEDADE SIMPLES LIMITADA;2240;Não;Não;Não;Sim;VERDE;INATIVA
355;ATIVA;PRIVADO;11 a 15;SOCIEDADE EMPRESARIA LIMITADA;2062;Não;Não;Não;Sim;VERMELHO;ALTA
449;ATIVA;PRIVADO;0 a 5;EMPRESARIO INDIVIDUAL;2135;Não;Sim;Sim;Sim;AZUL;BAIXA
215;ATIVA;PRIVADO;;SOCIEDADE EMPRESARIA LIMITADA;2062;Não;Sim;Não;Sim;LARANJA;ALTA
412;ATIVA;PRIVADO;0 a 5;ASSOCIACAO PRIVADA;3999;Não;Não;Não;Sim;VERDE;MEDIA
66;ATIVA;PRIVADO;;ASSOCIACAO PRIVADA;3999;Não;Não;Não;Não;VERDE;ALTA
265;ATIVA;PUBLICO;0 a 5;FUNDO PUBLICO;1201;Não;Não;Não;Sim;AZUL;ALTA
466;BAIXADA;PRIVADO;;FUNDACAO PRIVADA;3069;Não;Não;Não;Não;Não Informado;INATIVA
339;BAIXADA;PRIVADO;;ASSOCIACAO PRIVADA;3999;Não;Não;Não;Sim;AMARELO;INATIVA
300;BAIXADA;PRIVADO;;EMPRESARIO INDIVIDUAL;2135;Não;Sim;Sim;Sim;VERDE;INATIVA
370;ATIVA;PRIVADO;;ENTIDADE SINDICAL;3131;Não;Não;Não;Sim;AMARELO;MEDIA
68;ATIVA;PRIVADO;;EMPRESA INDIVIDUAL DE RESPONSABILIDADE LIMITADA DE NATUREZA EMPRESARIA;2305;Não;Sim;Não;Não;VERDE;MEDIA
404;ATIVA;PRIVADO;;EMPRESARIO INDIVIDUAL;2135;Não;Não;Não;Sim;LARANJA;MUITO BAIXA
301;ATIVA;PRIVADO;;EMPRESA INDIVIDUAL DE RESPONSABILIDADE LIMITADA DE NATUREZA EMPRESARIA;2305;Não;Sim;Não;Sim;AZUL;ALTA
236;ATIVA;PRIVADO;0 a 5;ASSOCIACAO PRIVADA;3999;Não;Não;Não;Sim;LARANJA;ALTA
468;ATIVA;PRIVADO;0 a 5;SOCIEDADE EMPRESARIA LIMITADA;2062;Não;Não;Não;Não;VERMELHO;MEDIA
469;ATIVA;PRIVADO;0 a 5;EMPRESARIO INDIVIDUAL;2135;Não;Sim;Sim;Sim;AZUL;ALTA
71;ATIVA;PRIVADO;0 a 5;EMPRESARIO INDIVIDUAL;2135;Não;Sim;Sim;Sim;AMARELO;MEDIA
337;ATIVA;PRIVADO;;ASSOCIACAO PRIVADA;3999;Não;Não;Não;Sim;LARANJA;ALTA
361;BAIXADA;PRIVADO;;PRODUTOR RURAL PESSOA FISICA;4120;Não;Não;Não;Não;VERDE;INATIVA
377;ATIVA;PRIVADO;0 a 5;ASSOCIACAO PRIVADA;3999;Não;Não;Não;Sim;LARANJA;MEDIA
471;ATIVA;PRIVADO;;CONSORCIO DE SOCIEDADES;2151;Não;Não;Não;Sim;VERMELHO;MEDIA
455;ATIVA;PRIVADO;;SOCIEDADE SIMPLES LIMITADA;2240;Não;Sim;Não;Sim;LARANJA;BAIXA
73;ATIVA;PRIVADO;;SOCIEDADE EMPRESARIA LIMITADA;2062;Não;Sim;Não;Não;VERDE;ALTA
262;ATIVA;PRIVADO;;EMPRESA INDIVIDUAL IMOBILIARIA;4014;Não;Não;Não;Sim;AMARELO;MEDIA
1;ATIVA;PRIVADO;;EMPRESARIO INDIVIDUAL;2135;Não;Sim;Sim;Sim;VERDE;MEDIA
149;ATIVA;PRIVADO;;EMPRESARIO INDIVIDUAL;2135;Não;Sim;Não;Sim;AZUL;BAIXA
559;ATIVA;PRIVADO;;SOCIEDADE SIMPLES LIMITADA;2240;Não;Não;Não;Não;AMARELO;MEDIA
560;ATIVA;PRIVADO;;EMPRESA INDIVIDUAL DE RESPONSABILIDADE LIMITADA DE NATUREZA EMPRESARIA;2305;Não;Não;Não;Sim;LARANJA;ALTA
280;ATIVA;PRIVADO;0 a 5;SOCIEDADE SIMPLES LIMITADA;2240;Não;Sim;Não;Sim;VERDE;ALTA
473;ATIVA;PRIVADO;0 a 5;EMPRESARIO INDIVIDUAL;2135;Não;Sim;Não;Sim;AMARELO;ALTA
557;BAIXADA;PUBLICO;;ORGAO PUBLICO DO PODER EXECUTIVO MUNICIPAL;1031;Não;Não;Não;Sim;Não Informado;INATIVA
144;ATIVA;PRIVADO;;EMPRESARIO INDIVIDUAL;2135;Não;Não;Não;Não;AMARELO;MEDIA
556;ATIVA;PRIVADO;11 a 15;EMPRESA INDIVIDUAL DE RESPONSABILIDADE LIMITADA DE NATUREZA EMPRESARIA;2305;Não;Não;Não;Sim;VERDE;ALTA
555;ATIVA;PRIVADO;;EMPRESARIO INDIVIDUAL;2135;Não;Sim;Não;Sim;LARANJA;MUITO BAIXA
145;BAIXADA;PRIVADO;;SOCIEDADE EMPRESARIA LIMITADA;2062;Não;Não;Não;Sim;AMARELO;INATIVA
143;BAIXADA;PRIVADO;0 a 5;SOCIEDADE EMPRESARIA LIMITADA;2062;Não;Não;Não;Sim;AZUL;INATIVA
148;ATIVA;PRIVADO;;EMPRESARIO INDIVIDUAL;2135;Não;Sim;Não;Não;VERDE;MEDIA
554;ATIVA;PUBLICO;;AUTARQUIA FEDERAL;1104;Não;Não;Não;Não;VERMELHO;ALTA
474;ATIVA;PRIVADO;6 a 10;SOCIEDADE EMPRESARIA LIMITADA;2062;Não;Sim;Não;Sim;AZUL;MEDIA
146;ATIVA;PRIVADO;;SOCIEDADE ANONIMA ABERTA;2046;Não;Não;Não;Não;VERDE;ALTA
147;ATIVA;PRIVADO;;CLUBE FUNDO DE INVESTIMENTO;2224;Não;Não;Não;Sim;AZUL;MEDIA
558;ATIVA;PRIVADO;;EMPRESARIO INDIVIDUAL;2135;Não;Não;Não;Não;CINZA;MEDIA
475;ATIVA;PRIVADO;16 a 30;EMPRESARIO INDIVIDUAL;2135;Sim;Sim;Não;Sim;VERDE;ALTA
79;BAIXADA;PRIVADO;;EMPRESARIO INDIVIDUAL;2135;Não;Sim;Sim;Sim;Não Informado;INATIVA
92;ATIVA;PRIVADO;;EMPRESARIO INDIVIDUAL;2135;Não;Não;Não;Sim;LARANJA;ALTA
476;ATIVA;PRIVADO;0 a 5;COOPERATIVA;2143;Não;Não;Não;Sim;VERMELHO;MEDIA
199;ATIVA;PRIVADO;;SOCIEDADE EMPRESARIA LIMITADA;2062;Não;Sim;Não;Sim;AMARELO;ALTA
94;BAIXADA;PRIVADO;;SOCIEDADE EMPRESARIA LIMITADA;2062;Não;Sim;Não;Sim;AZUL;INATIVA
281;ATIVA;PRIVADO;;ENTIDADE SINDICAL;3131;Não;Não;Não;Sim;LARANJA;MEDIA
386;ATIVA;PRIVADO;;CONSORCIO DE SOCIEDADES;2151;Não;Não;Não;Sim;VERDE;ALTA
91;BAIXADA;PRIVADO;0 a 5;EMPRESARIO INDIVIDUAL;2135;Não;Não;Não;Sim;VERDE;INATIVA
169;BAIXADA;PRIVADO;;SOCIEDADE EMPRESARIA LIMITADA;2062;Não;Não;Não;Sim;LARANJA;INATIVA
172;ATIVA;PRIVADO;;EMPRESARIO INDIVIDUAL;2135;Não;Sim;Não;Sim;LARANJA;ALTA
86;ATIVA;PRIVADO;;EMPRESARIO INDIVIDUAL;2135;Não;Sim;Sim;Sim;VERDE;ALTA
163;ATIVA;PRIVADO;;SOCIEDADE EMPRESARIA LIMITADA;2062;Não;Sim;Não;Sim;LARANJA;MEDIA
85;ATIVA;PRIVADO;;SOCIEDADE EMPRESARIA LIMITADA;2062;Não;Não;Não;Sim;VERMELHO;MEDIA
87;BAIXADA;PRIVADO;;SOCIEDADE EMPRESARIA LIMITADA;2062;Não;Não;Não;Sim;VERDE;INATIVA
477;ATIVA;PRIVADO;11 a 15;EMPRESARIO INDIVIDUAL;2135;Não;Não;Não;Sim;AZUL;ALTA
81;ATIVA;PRIVADO;;ASSOCIACAO PRIVADA;3999;Não;Não;Não;Sim;AZUL;ALTA
167;BAIXADA;PRIVADO;;ASSOCIACAO PRIVADA;3999;Não;Não;Não;Não;Não Informado;INATIVA
187;ATIVA;PRIVADO;;SOCIEDADE EMPRESARIA LIMITADA;2062;Não;Não;Não;Não;VERMELHO;ALTA
89;ATIVA;PRIVADO;0 a 5;SOCIEDADE EMPRESARIA LIMITADA;2062;Não;Sim;Não;Sim;AZUL;ALTA
90;BAIXADA;PRIVADO;;EMPRESARIO INDIVIDUAL;2135;Não;Sim;Sim;Sim;AMARELO;INATIVA
186;ATIVA;PRIVADO;16 a 30;SOCIEDADE EMPRESARIA LIMITADA;2062;Não;Não;Não;Sim;VERDE;ALTA
184;ATIVA;PRIVADO;;CONDOMINIO EDILICIO;3085;Não;Não;Não;Sim;AMARELO;MEDIA
193;ATIVA;PRIVADO;;EMPRESARIO INDIVIDUAL;2135;Não;Sim;Não;Sim;VERMELHO;BAIXA
185;ATIVA;PRIVADO;0 a 5;EMPRESARIO INDIVIDUAL;2135;Não;Não;Não;Sim;AMARELO;ALTA
80;ATIVA;PRIVADO;0 a 5;SOCIEDADE EMPRESARIA LIMITADA;2062;Não;Não;Não;Sim;LARANJA;ALTA
82;ATIVA;PRIVADO;;SOCIEDADE SIMPLES LIMITADA;2240;Não;Não;Não;Não;VERDE;MEDIA
190;ATIVA;PRIVADO;;EMPRESA INDIVIDUAL DE RESPONSABILIDADE LIMITADA DE NATUREZA EMPRESARIA;2305;Não;Não;Não;Sim;VERDE;ALTA
192;ATIVA;PRIVADO;0 a 5;EMPRESARIO INDIVIDUAL;2135;Não;Não;Não;Sim;VERDE;MEDIA
88;ATIVA;PRIVADO;;SOCIEDADE EMPRESARIA LIMITADA;2062;Não;Não;Não;Sim;VERDE;MEDIA
189;ATIVA;PRIVADO;;ORGANIZACAO RELIGIOSA;3220;Não;Não;Não;Não;VERMELHO;BAIXA
191;ATIVA;PRIVADO;;EMPRESA INDIVIDUAL DE RESPONSABILIDADE LIMITADA DE NATUREZA SIMPLES;2313;Não;Não;Não;Sim;VERDE;ALTA
388;ATIVA;PRIVADO;0 a 5;ASSOCIACAO PRIVADA;3999;Não;Não;Não;Sim;AZUL;MEDIA
32;ATIVA;PRIVADO;;EMPRESARIO INDIVIDUAL;2135;Não;Sim;Não;Sim;AMARELO;BAIXA
175;ATIVA;PRIVADO;0 a 5;ORGANIZACAO RELIGIOSA;3220;Não;Não;Não;Sim;LARANJA;MEDIA
35;ATIVA;PRIVADO;;EMPRESARIO INDIVIDUAL;2135;Não;Não;Não;Sim;AZUL;MEDIA
387;ATIVA;PRIVADO;;ASSOCIACAO PRIVADA;3999;Não;Não;Não;Sim;AZUL;BAIXA
33;BAIXADA;PRIVADO;;SOCIEDADE SIMPLES PURA;2232;Não;Não;Não;Sim;Não Informado;INATIVA
34;ATIVA;PRIVADO;;SOCIEDADE EMPRESARIA LIMITADA;2062;Não;Sim;Não;Sim;AZUL;MEDIA
173;ATIVA;PRIVADO;;CONDOMINIO EDILICIO;3085;Não;Não;Não;Sim;AZUL;MEDIA
174;ATIVA;PRIVADO;;ASSOCIACAO PRIVADA;3999;Não;Não;Não;Sim;VERDE;MEDIA
31;ATIVA;PRIVADO;;SOCIEDADE EMPRESARIA LIMITADA;2062;Não;Não;Não;Sim;VERDE;ALTA
30;ATIVA;PRIVADO;;EMPRESARIO INDIVIDUAL;2135;Não;Não;Não;Sim;LARANJA;MEDIA
330;ATIVA;PRIVADO;;SOCIEDADE SIMPLES PURA;2232;Não;Sim;Não;Sim;VERDE;ALTA
37;ATIVA;PRIVADO;;SOCIEDADE EMPRESARIA LIMITADA;2062;Não;Não;Não;Sim;LARANJA;BAIXA
177;ATIVA;PRIVADO;0 a 5;SOCIEDADE ANONIMA FECHADA;2054;Não;Não;Não;Sim;AZUL;MEDIA
36;BAIXADA;PRIVADO;;CANDIDATO A CARGO POLITICO ELETIVO;4090;Não;Não;Não;Sim;Não Informado;INATIVA
181;ATIVA;PRIVADO;6 a 10;SOCIEDADE EMPRESARIA LIMITADA;2062;Não;Sim;Não;Sim;VERDE;ALTA
180;ATIVA;PRIVADO;;CONDOMINIO EDILICIO;3085;Não;Não;Não;Sim;LARANJA;MEDIA
21;ATIVA;PRIVADO;;SOCIEDADE EMPRESARIA LIMITADA;2062;Não;Não;Não;Não;VERDE;ALTA
20;ATIVA;PRIVADO;;SOCIEDADE EMPRESARIA LIMITADA;2062;Não;Não;Não;Não;AMARELO;MEDIA
178;ATIVA;PRIVADO;;CONDOMINIO EDILICIO;3085;Não;Não;Não;Sim;LARANJA;MUITO BAIXA
28;ATIVA;PRIVADO;;SOCIEDADE EMPRESARIA LIMITADA;2062;Não;Sim;Não;Sim;VERDE;MEDIA
179;ATIVA;PRIVADO;;SOCIEDADE SIMPLES LIMITADA;2240;Não;Sim;Não;Sim;AZUL;MEDIA
25;ATIVA;PRIVADO;;SOCIEDADE EMPRESARIA LIMITADA;2062;Não;Não;Não;Sim;AZUL;ALTA
182;ATIVA;PRIVADO;;EMPRESARIO INDIVIDUAL;2135;Não;Não;Não;Não;VERDE;MEDIA
29;ATIVA;PRIVADO;0 a 5;EMPRESARIO INDIVIDUAL;2135;Não;Sim;Não;Sim;VERDE;ALTA
389;ATIVA;PRIVADO;0 a 5;EMPRESA INDIVIDUAL DE RESPONSABILIDADE LIMITADA DE NATUREZA EMPRESARIA;2305;Não;Não;Não;Sim;VERDE;ALTA
176;ATIVA;PRIVADO;;SOCIEDADE EMPRESARIA LIMITADA;2062;Não;Sim;Não;Não;AMARELO;MEDIA
23;ATIVA;PRIVADO;;SOCIEDADE SIMPLES LIMITADA;2240;Não;Não;Não;Sim;AMARELO;MEDIA
188;ATIVA;PRIVADO;;SOCIEDADE SIMPLES LIMITADA;2240;Não;Não;Não;Sim;AZUL;ALTA
479;ATIVA;PRIVADO;0 a 5;ORGANIZACAO RELIGIOSA;3220;Não;Não;Não;Não;VERMELHO;BAIXA
164;BAIXADA;PRIVADO;;SOCIEDADE EMPRESARIA LIMITADA;2062;Não;Sim;Não;Não;Não Informado;INATIVA
24;ATIVA;PRIVADO;;PRODUTOR RURAL PESSOA FISICA;4120;Não;Não;Não;Sim;AMARELO;MEDIA
165;BAIXADA;PUBLICO;;ORGAO PUBLICO DO PODER EXECUTIVO ESTADUAL OU DO DISTRITO FEDERAL;1023;Não;Não;Não;Não;Não Informado;INATIVA
55;ATIVA;PRIVADO;;EMPRESARIO INDIVIDUAL;2135;Não;Sim;Não;Não;VERDE;ALTA
166;BAIXADA;PRIVADO;0 a 5;EMPRESARIO INDIVIDUAL;2135;Não;Não;Não;Sim;Não Informado;INATIVA
381;ATIVA;PUBLICO;;ORGAO DE DIRECAO LOCAL DE PARTIDO POLITICO;3271;Não;Não;Não;Sim;VERDE;MEDIA
392;BAIXADA;PRIVADO;;ASSOCIACAO PRIVADA;3999;Não;Não;Não;Sim;VERDE;INATIVA
170;ATIVA;PRIVADO;;EMPRESA INDIVIDUAL DE RESPONSABILIDADE LIMITADA DE NATUREZA EMPRESARIA;2305;Não;Não;Não;Sim;AZUL;MEDIA
391;ATIVA;PUBLICO;16 a 30;MUNICIPIO;1244;Não;Não;Não;Sim;VERDE;ALTA
78;BAIXADA;PRIVADO;;EMPRESARIO INDIVIDUAL;2135;Não;Não;Não;Sim;AZUL;INATIVA
171;ATIVA;PRIVADO;0 a 5;EMPRESARIO INDIVIDUAL;2135;Não;Sim;Sim;Sim;VERDE;ALTA
75;BAIXADA;PRIVADO;;SOCIEDADE EMPRESARIA LIMITADA;2062;Não;Não;Não;Não;Não Informado;INATIVA
168;BAIXADA;PRIVADO;16 a 30;SOCIEDADE ANONIMA ABERTA;2046;Não;Não;Não;Não;Não Informado;INATIVA
390;ATIVA;PRIVADO;0 a 5;EMPRESA INDIVIDUAL DE RESPONSABILIDADE LIMITADA DE NATUREZA SIMPLES;2313;Não;Sim;Não;Sim;AZUL;MEDIA
183;ATIVA;PRIVADO;;SOCIEDADE EMPRESARIA LIMITADA;2062;Não;Não;Não;Sim;VERMELHO;BAIXA
39;ATIVA;PRIVADO;0 a 5;EMPRESA INDIVIDUAL DE RESPONSABILIDADE LIMITADA DE NATUREZA EMPRESARIA;2305;Não;Sim;Não;Sim;VERDE;ALTA
38;ATIVA;PRIVADO;;SERVICO NOTARIAL E REGISTRAL CARTORIO;3034;Não;Não;Não;Sim;LARANJA;MEDIA
198;ATIVA;PRIVADO;6 a 10;EMPRESA INDIVIDUAL DE RESPONSABILIDADE LIMITADA DE NATUREZA EMPRESARIA;2305;Não;Não;Não;Sim;VERDE;ALTA
197;ATIVA;PRIVADO;16 a 30;SOCIEDADE EMPRESARIA LIMITADA;2062;Sim;Sim;Não;Sim;VERDE;ALTA
200;ATIVA;PRIVADO;;ORGANIZACAO RELIGIOSA;3220;Não;Não;Não;Não;VERDE;ALTA
195;BAIXADA;PRIVADO;;SOCIEDADE EMPRESARIA LIMITADA;2062;Não;Não;Não;Não;VERDE;INATIVA
42;ATIVA;PRIVADO;;PRODUTOR RURAL PESSOA FISICA;4120;Não;Não;Não;Sim;VERDE;MEDIA
43;ATIVA;PRIVADO;;ORGANIZACAO RELIGIOSA;3220;Não;Não;Não;Não;VERMELHO;MEDIA
41;ATIVA;PRIVADO;;SOCIEDADE EMPRESARIA LIMITADA;2062;Não;Não;Não;Não;VERDE;MEDIA
357;BAIXADA;PRIVADO;;SOCIEDADE EMPRESARIA LIMITADA;2062;Não;Sim;Não;Sim;Não Informado;INATIVA
40;ATIVA;PRIVADO;;EMPRESARIO INDIVIDUAL;2135;Não;Sim;Sim;Sim;AMARELO;BAIXA
220;ATIVA;PRIVADO;0 a 5;EMPRESARIO INDIVIDUAL;2135;Não;Sim;Sim;Sim;VERDE;MEDIA
366;ATIVA;PRIVADO;0 a 5;ORGANIZACAO RELIGIOSA;3220;Não;Não;Não;Não;VERMELHO;ALTA
483;BAIXADA;PRIVADO;;SOCIEDADE ANONIMA ABERTA;2046;Não;Não;Não;Não;Não Informado;INATIVA
206;ATIVA;PRIVADO;0 a 5;SOCIEDADE SIMPLES LIMITADA;2240;Não;Não;Não;Sim;AZUL;MEDIA
269;ATIVA;PRIVADO;;CONDOMINIO EDILICIO;3085;Não;Não;Não;Sim;LARANJA;ALTA
482;ATIVA;PUBLICO; > 50;MUNICIPIO;1244;Não;Não;Não;Sim;VERDE;ALTA
341;ATIVA;PRIVADO;16 a 30;SOCIEDADE EMPRESARIA LIMITADA;2062;Não;Sim;Não;Sim;VERDE;ALTA
311;BAIXADA;PRIVADO;;PRODUTOR RURAL PESSOA FISICA;4120;Não;Não;Não;Sim;VERDE;INATIVA
485;ATIVA;PRIVADO; > 50;EMPRESARIO INDIVIDUAL;2135;Não;Não;Não;Sim;VERDE;ALTA
487;ATIVA;PRIVADO;0 a 5;FUNDACAO PRIVADA;3069;Não;Não;Não;Sim;AZUL;ALTA
201;ATIVA;PRIVADO;;CONDOMINIO EDILICIO;3085;Não;Não;Não;Sim;LARANJA;BAIXA
204;ATIVA;PRIVADO;;EMPRESA INDIVIDUAL IMOBILIARIA;4014;Não;Não;Não;Não;AMARELO;MEDIA
211;ATIVA;PRIVADO;6 a 10;EMPRESA INDIVIDUAL DE RESPONSABILIDADE LIMITADA DE NATUREZA EMPRESARIA;2305;Não;Sim;Não;Sim;VERDE;ALTA
228;ATIVA;PRIVADO;;SOCIEDADE SIMPLES LIMITADA;2240;Não;Sim;Não;Sim;AMARELO;MEDIA
488;ATIVA;PRIVADO;;SOCIEDADE SIMPLES LIMITADA;2240;Não;Sim;Não;Sim;VERMELHO;MEDIA
213;ATIVA;PRIVADO;;EMPRESA INDIVIDUAL DE RESPONSABILIDADE LIMITADA DE NATUREZA EMPRESARIA;2305;Não;Não;Não;Sim;VERDE;MEDIA
434;BAIXADA;PRIVADO;;ENTIDADE SINDICAL;3131;Não;Não;Não;Sim;Não Informado;INATIVA
382;ATIVA;PRIVADO;0 a 5;CONDOMINIO EDILICIO;3085;Não;Não;Não;Sim;LARANJA;ALTA
356;ATIVA;PRIVADO;;FUNDACAO PRIVADA;3069;Não;Não;Não;Não;VERMELHO;ALTA
492;ATIVA;PRIVADO;;SOCIEDADE ANONIMA FECHADA;2054;Não;Não;Não;Não;VERMELHO;MEDIA
214;ATIVA;PRIVADO;11 a 15;SOCIEDADE EMPRESARIA LIMITADA;2062;Não;Não;Não;Sim;LARANJA;BAIXA
484;ATIVA;PRIVADO;;EMPRESA INDIVIDUAL DE RESPONSABILIDADE LIMITADA DE NATUREZA EMPRESARIA;2305;Não;Não;Não;Sim;LARANJA;BAIXA
312;ATIVA;PRIVADO;0 a 5;SOCIEDADE EMPRESARIA LIMITADA;2062;Não;Não;Não;Sim;VERMELHO;ALTA
494;ATIVA;PRIVADO;;ENTIDADE SINDICAL;3131;Não;Não;Não;Sim;AMARELO;BAIXA
51;ATIVA;PRIVADO;;SOCIEDADE EMPRESARIA LIMITADA;2062;Não;Sim;Não;Sim;LARANJA;BAIXA
50;ATIVA;PRIVADO;;EMPRESARIO INDIVIDUAL;2135;Não;Não;Não;Sim;VERDE;ALTA
83;BAIXADA;PRIVADO;;SOCIEDADE ANONIMA FECHADA;2054;Não;Não;Não;Não;VERMELHO;INATIVA
194;ATIVA;PRIVADO;;CONDOMINIO EDILICIO;3085;Não;Não;Não;Sim;AMARELO;ALTA
196;ATIVA;PRIVADO;0 a 5;EMPRESA INDIVIDUAL DE RESPONSABILIDADE LIMITADA DE NATUREZA EMPRESARIA;2305;Não;Sim;Não;Sim;LARANJA;ALTA
84;BAIXADA;PRIVADO;;SOCIEDADE SIMPLES LIMITADA;2240;Não;Não;Não;Sim;AZUL;INATIVA
372;ATIVA;PRIVADO;;COOPERATIVA;2143;Não;Não;Não;Não;VERDE;ALTA
275;ATIVA;PRIVADO;;ENTIDADE SINDICAL;3131;Não;Não;Não;Não;VERDE;ALTA
233;ATIVA;PUBLICO;;ORGAO DE DIRECAO LOCAL DE PARTIDO POLITICO;3271;Não;Não;Não;Sim;AZUL;ALTA
212;ATIVA;PRIVADO;0 a 5;EMPRESA INDIVIDUAL DE RESPONSABILIDADE LIMITADA DE NATUREZA EMPRESARIA;2305;Não;Não;Não;Sim;AZUL;ALTA
496;ATIVA;PRIVADO;6 a 10;SOCIEDADE EMPRESARIA LIMITADA;2062;Não;Não;Não;Sim;VERMELHO;BAIXA
321;ATIVA;PRIVADO;;SOCIEDADE EMPRESARIA LIMITADA;2062;Não;Não;Não;Não;AMARELO;ALTA
433;BAIXADA;PRIVADO;6 a 10;EMPRESARIO INDIVIDUAL;2135;Não;Não;Não;Sim;Não Informado;INATIVA
352;ATIVA;PRIVADO;;EMPRESA INDIVIDUAL DE RESPONSABILIDADE LIMITADA DE NATUREZA SIMPLES;2313;Não;Sim;Não;Sim;AZUL;MEDIA
380;ATIVA;PRIVADO;;SOCIEDADE SIMPLES LIMITADA;2240;Não;Não;Não;Não;VERMELHO;MEDIA
248;ATIVA;PUBLICO;;ORGAO PUBLICO DO PODER EXECUTIVO ESTADUAL OU DO DISTRITO FEDERAL;1023;Não;Não;Não;Não;VERDE;MEDIA
358;ATIVA;PRIVADO;;EMPRESA INDIVIDUAL DE RESPONSABILIDADE LIMITADA DE NATUREZA EMPRESARIA;2305;Não;Sim;Não;Sim;AMARELO;BAIXA
502;BAIXADA;PRIVADO;;EMPRESA INDIVIDUAL IMOBILIARIA;4014;Não;Não;Não;Sim;LARANJA;INATIVA
130;ATIVA;PRIVADO;;SOCIEDADE EMPRESARIA LIMITADA;2062;Não;Não;Não;Sim;AZUL;BAIXA
439;ATIVA;PUBLICO;0 a 5;FUNDO PUBLICO;1201;Não;Não;Não;Sim;AMARELO;ALTA
436;BAIXADA;PRIVADO;6 a 10;SOCIEDADE ANONIMA ABERTA;2046;Não;Não;Não;Não;VERDE;INATIVA
506;ATIVA;PRIVADO;;COOPERATIVA;2143;Não;Não;Não;Não;VERMELHO;MEDIA
507;ATIVA;PRIVADO;;SOCIEDADE SIMPLES LIMITADA;2240;Não;Não;Não;Sim;LARANJA;ALTA
313;ATIVA;PRIVADO;;EMPRESARIO INDIVIDUAL;2135;Não;Sim;Sim;Sim;AZUL;BAIXA
509;ATIVA;PRIVADO;;SOCIEDADE EMPRESARIA LIMITADA;2062;Não;Não;Não;Não;AZUL;ALTA
314;ATIVA;PRIVADO;;EMPRESARIO INDIVIDUAL;2135;Não;Sim;Sim;Sim;LARANJA;BAIXA
208;ATIVA;PRIVADO;;ORGANIZACAO RELIGIOSA;3220;Não;Não;Não;Sim;AMARELO;ALTA
207;ATIVA;PRIVADO;;SOCIEDADE EMPRESARIA LIMITADA;2062;Não;Sim;Não;Sim;AMARELO;BAIXA
478;ATIVA;PRIVADO;;ASSOCIACAO PRIVADA;3999;Não;Não;Não;Não;VERMELHO;BAIXA
470;ATIVA;PRIVADO;11 a 15;SOCIEDADE EMPRESARIA LIMITADA;2062;Não;Não;Não;Sim;LARANJA;MUITO BAIXA
373;ATIVA;PRIVADO;;SOCIEDADE SIMPLES PURA;2232;Não;Não;Não;Sim;VERDE;ALTA
450;ATIVA;PRIVADO;6 a 10;EMPRESA INDIVIDUAL DE RESPONSABILIDADE LIMITADA DE NATUREZA EMPRESARIA;2305;Não;Sim;Não;Sim;AZUL;ALTA
318;ATIVA;PRIVADO;0 a 5;EMPRESARIO INDIVIDUAL;2135;Não;Sim;Não;Sim;LARANJA;ALTA
457;ATIVA;PRIVADO;6 a 10;EMPRESARIO INDIVIDUAL;2135;Não;Sim;Não;Sim;VERDE;ALTA
493;ATIVA;PRIVADO;0 a 5;SOCIEDADE EMPRESARIA LIMITADA;2062;Não;Sim;Não;Sim;AZUL;BAIXA
374;BAIXADA;PRIVADO;0 a 5;SOCIEDADE EMPRESARIA LIMITADA;2062;Não;Sim;Não;Não;VERDE;INATIVA
202;ATIVA;PUBLICO;;EMPRESA PUBLICA;2011;Não;Não;Não;Não;VERDE;ALTA
510;ATIVA;PRIVADO;0 a 5;SOCIEDADE SIMPLES LIMITADA;2240;Não;Não;Não;Não;VERMELHO;MEDIA
495;BAIXADA;PRIVADO;;EMPRESARIO INDIVIDUAL;2135;Não;Sim;Não;Sim;LARANJA;INATIVA
407;ATIVA;PUBLICO;;ORGAO PUBLICO DO PODER EXECUTIVO MUNICIPAL;1031;Não;Não;Não;Não;VERMELHO;ALTA
315;BAIXADA;PUBLICO;;EMPRESA PUBLICA;2011;Não;Não;Não;Não;Não Informado;INATIVA
225;ATIVA;PRIVADO;0 a 5;SOCIEDADE EMPRESARIA LIMITADA;2062;Não;Não;Não;Sim;LARANJA;MEDIA
354;ATIVA;PRIVADO;;SOCIEDADE SIMPLES LIMITADA;2240;Não;Não;Não;Não;VERDE;ALTA
511;ATIVA;PUBLICO;0 a 5;AUTARQUIA FEDERAL;1104;Não;Não;Não;Não;VERMELHO;MEDIA
364;ATIVA;PRIVADO;;SOCIEDADE EMPRESARIA LIMITADA;2062;Não;Sim;Não;Sim;LARANJA;MUITO BAIXA
307;BAIXADA;PRIVADO;;EMPRESARIO INDIVIDUAL;2135;Não;Sim;Não;Sim;VERDE;INATIVA
320;ATIVA;PRIVADO;;ENTIDADE SINDICAL;3131;Não;Não;Não;Sim;AMARELO;ALTA
421;ATIVA;PUBLICO;;ORGAO DE DIRECAO LOCAL DE PARTIDO POLITICO;3271;Não;Não;Não;Sim;VERDE;ALTA
512;ATIVA;PRIVADO;0 a 5;SOCIEDADE EMPRESARIA LIMITADA;2062;Sim;Sim;Não;Sim;VERDE;ALTA
243;ATIVA;PRIVADO;6 a 10;SOCIEDADE EMPRESARIA LIMITADA;2062;Não;Não;Não;Sim;VERDE;ALTA
548;ATIVA;PRIVADO;11 a 15;SOCIEDADE EMPRESARIA LIMITADA;2062;Não;Não;Não;Sim;AZUL;ALTA
501;ATIVA;PRIVADO;;SOCIEDADE SIMPLES LIMITADA;2240;Não;Não;Não;Sim;VERMELHO;MEDIA
222;ATIVA;PRIVADO;0 a 5;EMPRESARIO INDIVIDUAL;2135;Não;Sim;Não;Sim;LARANJA;BAIXA
332;ATIVA;PRIVADO;;SOCIEDADE EMPRESARIA LIMITADA;2062;Não;Sim;Não;Sim;AZUL;BAIXA
93;ATIVA;PRIVADO;;SOCIEDADE SIMPLES LIMITADA;2240;Não;Sim;Não;Sim;VERDE;ALTA
513;BAIXADA;PRIVADO;;SOCIEDADE EM CONTA DE PARTICIPACAO;2127;Não;Não;Não;Sim;Não Informado;INATIVA
349;ATIVA;PUBLICO;;ORGAO PUBLICO DO PODER EXECUTIVO ESTADUAL OU DO DISTRITO FEDERAL;1023;Não;Não;Não;Não;VERMELHO;BAIXA
445;ATIVA;PRIVADO;0 a 5;EMPRESARIO INDIVIDUAL;2135;Não;Sim;Não;Não;VERDE;MEDIA
514;ATIVA;PUBLICO;11 a 15;ORGAO PUBLICO DO PODER EXECUTIVO FEDERAL;1015;Não;Não;Não;Não;VERMELHO;ALTA
257;BAIXADA;PRIVADO;;CLUBE FUNDO DE INVESTIMENTO;2224;Não;Não;Não;Sim;VERDE;INATIVA
240;ATIVA;PRIVADO;;CONDOMINIO EDILICIO;3085;Não;Não;Não;Sim;AZUL;BAIXA
515;ATIVA;PRIVADO;6 a 10;SOCIEDADE EMPRESARIA LIMITADA;2062;Não;Não;Não;Sim;LARANJA;MEDIA
226;ATIVA;PRIVADO;;PRODUTOR RURAL PESSOA FISICA;4120;Não;Não;Não;Sim;AZUL;MEDIA
46;BAIXADA;MISTA;;SOCIEDADE DE ECONOMIA MISTA;2038;Não;Não;Não;Não;Não Informado;INATIVA
282;ATIVA;PRIVADO;;ENTIDADE SINDICAL;3131;Não;Não;Não;Sim;VERDE;ALTA
45;ATIVA;PRIVADO;;EMPRESARIO INDIVIDUAL;2135;Não;Sim;Não;Sim;AZUL;MEDIA
47;BAIXADA;PRIVADO;0 a 5;SOCIEDADE EMPRESARIA LIMITADA;2062;Não;Não;Não;Sim;Não Informado;INATIVA
49;ATIVA;PRIVADO;;EMPRESARIO INDIVIDUAL;2135;Não;Sim;Não;Sim;AMARELO;MEDIA
48;ATIVA;PRIVADO;;EMPRESARIO INDIVIDUAL;2135;Não;Não;Não;Sim;LARANJA;BAIXA
136;ATIVA;PRIVADO;;EMPRESARIO INDIVIDUAL;2135;Não;Sim;Sim;Sim;AMARELO;ALTA
135;ATIVA;PRIVADO;0 a 5;SOCIEDADE EMPRESARIA LIMITADA;2062;Não;Não;Não;Sim;AZUL;MEDIA
134;ATIVA;PRIVADO;0 a 5;EMPRESARIO INDIVIDUAL;2135;Não;Sim;Não;Sim;AZUL;MEDIA
44;BAIXADA;PRIVADO;;SOCIEDADE SIMPLES LIMITADA;2240;Não;Não;Não;Sim;Não Informado;INATIVA
133;ATIVA;PRIVADO;;EMPRESARIO INDIVIDUAL;2135;Não;Não;Não;Não;AZUL;ALTA
131;BAIXADA;PRIVADO;;SOCIEDADE ANONIMA FECHADA;2054;Não;Não;Não;Não;Não Informado;INATIVA
359;ATIVA;PRIVADO;;ORGANIZACAO RELIGIOSA;3220;Não;Não;Não;Sim;VERDE;ALTA
516;BAIXADA;PRIVADO;;SOCIEDADE ANONIMA FECHADA;2054;Não;Não;Não;Não;CINZA;INATIVA
393;BAIXADA;PRIVADO;;SOCIEDADE EMPRESARIA LIMITADA;2062;Não;Sim;Não;Sim;LARANJA;INATIVA
132;ATIVA;PRIVADO;0 a 5;SOCIEDADE EMPRESARIA LIMITADA;2062;Não;Não;Não;Sim;VERDE;ALTA
517;ATIVA;PUBLICO;;FUNDACAO PUB DE DIREITO PUB EST OU DO DF;1147;Não;Não;Não;Não;VERMELHO;MEDIA
294;ATIVA;PUBLICO;0 a 5;ORGAO PUBLICO DO PODER EXECUTIVO FEDERAL;1015;Não;Não;Não;Não;VERDE;ALTA
411;ATIVA;PUBLICO;;AUTARQUIA FEDERAL;1104;Não;Não;Não;Não;VERDE;MEDIA
360;ATIVA;PRIVADO;0 a 5;ORGANIZACAO RELIGIOSA;3220;Não;Não;Não;Sim;LARANJA;ALTA
518;ATIVA;MISTA;;SOCIEDADE DE ECONOMIA MISTA;2038;Não;Não;Não;Não;VERDE;ALTA
451;ATIVA;PRIVADO;;SOCIEDADE SIMPLES LIMITADA;2240;Não;Sim;Não;Não;VERDE;ALTA
308;BAIXADA;PRIVADO;0 a 5;SOCIEDADE EMPRESARIA LIMITADA;2062;Não;Não;Não;Sim;VERDE;INATIVA
444;ATIVA;PUBLICO;;ORGAO PUBLICO DO PODER EXECUTIVO MUNICIPAL;1031;Não;Não;Não;Sim;AMARELO;MEDIA
519;ATIVA;PRIVADO;6 a 10;SOCIEDADE ANONIMA FECHADA;2054;Não;Não;Não;Sim;VERDE;ALTA
520;ATIVA;PRIVADO;6 a 10;SOCIEDADE EMPRESARIA LIMITADA;2062;Sim;Sim;Não;Sim;VERDE;ALTA
323;BAIXADA;PRIVADO;;EMPRESARIO INDIVIDUAL;2135;Não;Sim;Não;Sim;AZUL;INATIVA
522;ATIVA;PRIVADO;0 a 5;SOCIEDADE SIMPLES LIMITADA;2240;Não;Não;Não;Sim;LARANJA;MUITO BAIXA
523;ATIVA;PRIVADO;0 a 5;ORGANIZACAO RELIGIOSA;3220;Não;Não;Não;Sim;VERDE;ALTA
251;ATIVA;PRIVADO;;SOCIEDADE SIMPLES LIMITADA;2240;Não;Sim;Não;Não;VERDE;MEDIA
500;ATIVA;PRIVADO;;EMPRESA INDIVIDUAL DE RESPONSABILIDADE LIMITADA DE NATUREZA EMPRESARIA;2305;Não;Sim;Não;Sim;AMARELO;MEDIA
486;ATIVA;PRIVADO;;SOCIEDADE SIMPLES PURA;2232;Não;Sim;Não;Sim;AZUL;ALTA
104;ATIVA;PRIVADO;;EMPRESA INDIVIDUAL DE RESPONSABILIDADE LIMITADA DE NATUREZA EMPRESARIA;2305;Não;Não;Não;Sim;LARANJA;MUITO BAIXA
76;BAIXADA;PRIVADO;;EMPRESARIO INDIVIDUAL;2135;Não;Não;Não;Não;Não Informado;INATIVA
137;ATIVA;PRIVADO;;SOCIEDADE EMPRESARIA LIMITADA;2062;Não;Sim;Não;Não;VERDE;MEDIA
425;ATIVA;PUBLICO;;ORGAO DE DIRECAO REGIONAL DE PARTIDO POLITICO;3263;Não;Não;Não;Não;AMARELO;ALTA
291;ATIVA;PRIVADO;;SOCIEDADE ANONIMA ABERTA;2046;Não;Não;Não;Não;VERMELHO;ALTA
331;ATIVA;PRIVADO;;COOPERATIVA;2143;Não;Não;Não;Sim;VERDE;ALTA
524;BAIXADA;PRIVADO;0 a 5;EMPRESARIO INDIVIDUAL;2135;Não;Sim;Não;Sim;AZUL;INATIVA
464;ATIVA;PRIVADO;;SOCIEDADE EM CONTA DE PARTICIPACAO;2127;Não;Não;Não;Sim;AZUL;MEDIA
259;ATIVA;PRIVADO;0 a 5;EMPRESA INDIVIDUAL DE RESPONSABILIDADE LIMITADA DE NATUREZA EMPRESARIA;2305;Não;Sim;Não;Sim;VERDE;MEDIA
267;BAIXADA;PRIVADO;;SOCIEDADE ANONIMA FECHADA;2054;Não;Não;Não;Sim;Não Informado;INATIVA
549;ATIVA;PRIVADO;6 a 10;SOCIEDADE ANONIMA FECHADA;2054;Não;Não;Não;Sim;VERDE;MEDIA
467;ATIVA;PRIVADO;0 a 5;EMPRESA INDIVIDUAL DE RESPONSABILIDADE LIMITADA DE NATUREZA EMPRESARIA;2305;Não;Sim;Não;Sim;AZUL;BAIXA
401;ATIVA;PRIVADO;6 a 10;SOCIEDADE EMPRESARIA LIMITADA;2062;Não;Não;Não;Sim;AZUL;ALTA
97;ATIVA;PRIVADO;;SOCIEDADE SIMPLES PURA;2232;Não;Não;Não;Sim;AZUL;MEDIA
96;ATIVA;PRIVADO;;SOCIEDADE SIMPLES LIMITADA;2240;Não;Sim;Não;Sim;VERDE;MEDIA
249;ATIVA;PRIVADO;0 a 5;SOCIEDADE EMPRESARIA LIMITADA;2062;Não;Não;Não;Sim;AZUL;BAIXA
106;ATIVA;PRIVADO;0 a 5;SOCIEDADE EMPRESARIA LIMITADA;2062;Não;Não;Não;Não;VERDE;ALTA
521;ATIVA;PRIVADO;;SOCIEDADE SIMPLES LIMITADA;2240;Não;Não;Não;Sim;VERMELHO;BAIXA
418;ATIVA;PUBLICO;;AUTARQUIA FEDERAL;1104;Não;Não;Não;Não;VERMELHO;BAIXA
428;ATIVA;PRIVADO;;CONSORCIO DE SOCIEDADES;2151;Não;Não;Não;Sim;AMARELO;MEDIA
429;ATIVA;PUBLICO;0 a 5;AUTARQUIA FEDERAL;1104;Não;Não;Não;Não;VERDE;ALTA
317;ATIVA;PUBLICO;;ORGAO PUBLICO DO PODER EXECUTIVO ESTADUAL OU DO DISTRITO FEDERAL;1023;Não;Não;Não;Não;VERDE;ALTA
258;ATIVA;PRIVADO;6 a 10;SOCIEDADE EMPRESARIA LIMITADA;2062;Não;Sim;Não;Sim;AZUL;ALTA
480;ATIVA;PRIVADO;;CONSORCIO DE SOCIEDADES;2151;Não;Não;Não;Sim;LARANJA;ALTA
272;ATIVA;PRIVADO;;EMPRESA INDIVIDUAL DE RESPONSABILIDADE LIMITADA DE NATUREZA EMPRESARIA;2305;Não;Sim;Não;Sim;AZUL;BAIXA
525;ATIVA;PUBLICO;;ORGAO PUBLICO DO PODER EXECUTIVO FEDERAL;1015;Não;Não;Não;Não;VERDE;ALTA
424;ATIVA;PUBLICO;;ORGAO PUBLICO DO PODER EXECUTIVO MUNICIPAL;1031;Não;Não;Não;Sim;AZUL;ALTA
505;BAIXADA;PRIVADO;;ORGANIZACAO RELIGIOSA;3220;Não;Não;Não;Não;Não Informado;INATIVA
498;ATIVA;PRIVADO;0 a 5;EMPRESARIO INDIVIDUAL;2135;Não;Sim;Sim;Sim;LARANJA;ALTA
526;ATIVA;PRIVADO;;SOCIEDADE SIMPLES PURA;2232;Não;Não;Não;Sim;LARANJA;MEDIA
109;ATIVA;PUBLICO;;ORGAO PUBLICO DO PODER EXECUTIVO ESTADUAL OU DO DISTRITO FEDERAL;1023;Não;Não;Não;Não;VERMELHO;MEDIA
503;ATIVA;PRIVADO;0 a 5;SOCIEDADE EMPRESARIA LIMITADA;2062;Não;Não;Não;Sim;AMARELO;BAIXA
329;ATIVA;PRIVADO;;SOCIEDADE SIMPLES LIMITADA;2240;Não;Sim;Não;Sim;AZUL;ALTA
504;BAIXADA;PRIVADO;0 a 5;EMPRESA INDIVIDUAL IMOBILIARIA;4014;Não;Não;Não;Sim;Não Informado;INATIVA
205;ATIVA;PRIVADO;;SOCIEDADE ANONIMA FECHADA;2054;Não;Não;Não;Não;AMARELO;MEDIA
244;ATIVA;PRIVADO;;EMPRESARIO INDIVIDUAL;2135;Não;Sim;Sim;Sim;VERMELHO;MEDIA
302;ATIVA;PRIVADO;;COOPERATIVA;2143;Não;Não;Não;Não;VERDE;MEDIA
274;ATIVA;PRIVADO;0 a 5;EMPRESA INDIVIDUAL DE RESPONSABILIDADE LIMITADA DE NATUREZA EMPRESARIA;2305;Não;Não;Não;Sim;LARANJA;MEDIA
345;ATIVA;PRIVADO;0 a 5;EMPRESARIO INDIVIDUAL;2135;Não;Sim;Não;Sim;AMARELO;BAIXA
335;ATIVA;PRIVADO;0 a 5;COOPERATIVA;2143;Não;Não;Não;Sim;VERDE;ALTA
289;ATIVA;PRIVADO;;ENTIDADE SINDICAL;3131;Não;Não;Não;Não;AMARELO;MEDIA
217;ATIVA;PRIVADO;;ASSOCIACAO PRIVADA;3999;Não;Não;Não;Não;AMARELO;ALTA
230;BAIXADA;PRIVADO;;EMPRESA INDIVIDUAL DE RESPONSABILIDADE LIMITADA DE NATUREZA EMPRESARIA;2305;Não;Não;Não;Sim;VERDE;INATIVA
77;ATIVA;PRIVADO;0 a 5;SOCIEDADE EMPRESARIA LIMITADA;2062;Não;Não;Não;Sim;AZUL;ALTA
95;ATIVA;PRIVADO;;SOCIEDADE SIMPLES LIMITADA;2240;Não;Não;Não;Sim;AZUL;MEDIA
287;ATIVA;PUBLICO;;ORGAO DE DIRECAO LOCAL DE PARTIDO POLITICO;3271;Não;Não;Não;Sim;AZUL;MEDIA
417;ATIVA;PUBLICO;0 a 5;ORGAO PUBLICO DO PODER LEGISLATIVO MUNICIPAL;1066;Não;Não;Não;Sim;AZUL;ALTA
350;ATIVA;PRIVADO;0 a 5;EMPRESA INDIVIDUAL DE RESPONSABILIDADE LIMITADA DE NATUREZA EMPRESARIA;2305;Sim;Não;Não;Sim;AZUL;BAIXA
527;ATIVA;PRIVADO;;COOPERATIVA;2143;Não;Não;Não;Não;VERMELHO;BAIXA
528;ATIVA;PUBLICO;;FUNDO PUBLICO;1201;Não;Não;Não;Sim;AZUL;ALTA
441;ATIVA;PRIVADO;0 a 5;ORGANIZACAO RELIGIOSA;3220;Não;Não;Não;Sim;VERDE;MEDIA
529;ATIVA;PRIVADO;16 a 30;EMPRESARIO INDIVIDUAL;2135;Não;Não;Não;Sim;LARANJA;MEDIA
409;ATIVA;PRIVADO;6 a 10;SOCIEDADE ANONIMA FECHADA;2054;Não;Não;Não;Sim;AZUL;ALTA
530;ATIVA;PRIVADO;6 a 10;EMPRESARIO INDIVIDUAL;2135;Não;Sim;Não;Sim;AZUL;ALTA
532;ATIVA;PRIVADO;0 a 5;SOCIEDADE SIMPLES LIMITADA;2240;Não;Não;Não;Sim;LARANJA;BAIXA
231;ATIVA;PRIVADO;;SOCIEDADE ANONIMA FECHADA;2054;Não;Não;Não;Sim;VERDE;ALTA
472;ATIVA;PRIVADO;;SOCIEDADE ANONIMA FECHADA;2054;Não;Não;Não;Sim;LARANJA;ALTA
57;ATIVA;PUBLICO;;ORGAO DE DIRECAO LOCAL DE PARTIDO POLITICO;3271;Não;Não;Não;Sim;AMARELO;MEDIA
419;ATIVA;PUBLICO;;FUNDO PUBLICO;1201;Não;Não;Não;Sim;LARANJA;ALTA
426;ATIVA;PRIVADO;;CONSORCIO DE EMPREGADORES;2283;Não;Não;Não;Sim;VERDE;ALTA
383;BAIXADA;PRIVADO;;SOCIEDADE ANONIMA FECHADA;2054;Não;Não;Não;Não;VERDE;INATIVA
232;ATIVA;PRIVADO;;SOCIEDADE ANONIMA FECHADA;2054;Não;Não;Não;Não;VERMELHO;BAIXA
533;ATIVA;PRIVADO;6 a 10;SOCIEDADE EMPRESARIA LIMITADA;2062;Não;Não;Não;Sim;LARANJA;BAIXA
423;ATIVA;PRIVADO;;PRODUTOR RURAL PESSOA FISICA;4120;Não;Não;Não;Sim;AMARELO;ALTA
120;ATIVA;PRIVADO;;CONDOMINIO EDILICIO;3085;Não;Não;Não;Sim;VERDE;MEDIA
121;ATIVA;PRIVADO;;EMPRESARIO INDIVIDUAL;2135;Não;Não;Não;Sim;AZUL;BAIXA
406;ATIVA;PRIVADO;0 a 5;SOCIEDADE ANONIMA FECHADA;2054;Não;Não;Não;Sim;VERMELHO;ALTA
283;ATIVA;PRIVADO;0 a 5;CONDOMINIO EDILICIO;3085;Não;Não;Não;Sim;AZUL;ALTA
54;ATIVA;PRIVADO;;EMPRESARIO INDIVIDUAL;2135;Não;Sim;Não;Sim;VERDE;MEDIA
395;ATIVA;PUBLICO;;FUNDO PUBLICO;1201;Não;Não;Não;Sim;VERDE;ALTA
52;ATIVA;PRIVADO;;EMPRESARIO INDIVIDUAL;2135;Não;Sim;Sim;Sim;AZUL;MEDIA
56;ATIVA;PRIVADO;0 a 5;EMPRESARIO INDIVIDUAL;2135;Não;Sim;Não;Sim;AZUL;ALTA
129;ATIVA;PRIVADO;;PRODUTOR RURAL PESSOA FISICA;4120;Não;Não;Não;Não;VERDE;ALTA
72;ATIVA;PRIVADO;;SOCIEDADE EMPRESARIA LIMITADA;2062;Não;Não;Não;Sim;AMARELO;BAIXA
69;ATIVA;PRIVADO;0 a 5;EMPRESARIO INDIVIDUAL;2135;Não;Não;Não;Sim;AZUL;MEDIA
125;ATIVA;PRIVADO;;SOCIEDADE ANONIMA FECHADA;2054;Não;Não;Não;Não;VERDE;ALTA
67;ATIVA;PRIVADO;;EMPRESARIO INDIVIDUAL;2135;Não;Não;Não;Sim;AMARELO;BAIXA
284;ATIVA;PRIVADO;;SOCIEDADE EMPRESARIA LIMITADA;2062;Não;Não;Não;Sim;LARANJA;ALTA
286;ATIVA;PRIVADO;;FUNDACAO PRIVADA;3069;Não;Não;Não;Sim;AMARELO;MEDIA
124;ATIVA;PRIVADO;;ASSOCIACAO PRIVADA;3999;Não;Não;Não;Sim;LARANJA;MEDIA
74;BAIXADA;PRIVADO;;EMPRESA INDIVIDUAL IMOBILIARIA;4014;Não;Não;Não;Sim;Não Informado;INATIVA
126;BAIXADA;PRIVADO;;EMPRESARIO INDIVIDUAL;2135;Não;Não;Não;Sim;AMARELO;INATIVA
70;BAIXADA;PRIVADO;;CLUBE FUNDO DE INVESTIMENTO;2224;Não;Não;Não;Sim;Não Informado;INATIVA
128;BAIXADA;PRIVADO;;EMPRESARIO INDIVIDUAL;2135;Não;Não;Não;Sim;LARANJA;INATIVA
116;ATIVA;PRIVADO;;CLUBE FUNDO DE INVESTIMENTO;2224;Não;Não;Não;Sim;VERDE;MEDIA
103;ATIVA;PRIVADO;0 a 5;EMPRESARIO INDIVIDUAL;2135;Não;Sim;Não;Sim;VERDE;MEDIA
60;BAIXADA;PRIVADO;;EMPRESARIO INDIVIDUAL;2135;Não;Não;Não;Sim;VERDE;INATIVA
59;ATIVA;PRIVADO;;EMPRESARIO INDIVIDUAL;2135;Não;Não;Não;Sim;AZUL;ALTA
102;ATIVA;PRIVADO;;ASSOCIACAO PRIVADA;3999;Não;Não;Não;Sim;LARANJA;BAIXA
107;ATIVA;PRIVADO;;SOCIEDADE SIMPLES LIMITADA;2240;Não;Não;Não;Sim;LARANJA;BAIXA
108;ATIVA;PRIVADO;;SOCIEDADE EMPRESARIA LIMITADA;2062;Não;Não;Não;Sim;AMARELO;ALTA
63;ATIVA;PRIVADO;0 a 5;EMPRESARIO INDIVIDUAL;2135;Não;Não;Não;Sim;LARANJA;BAIXA
62;ATIVA;PRIVADO;;SOCIEDADE EMPRESARIA LIMITADA;2062;Não;Não;Não;Não;VERMELHO;MEDIA
61;ATIVA;PRIVADO;;CONDOMINIO EDILICIO;3085;Não;Não;Não;Sim;VERDE;ALTA
101;ATIVA;PRIVADO;0 a 5;SOCIEDADE EMPRESARIA LIMITADA;2062;Não;Sim;Não;Sim;AZUL;MEDIA
99;BAIXADA;PRIVADO;;EMPRESARIO INDIVIDUAL;2135;Não;Sim;Não;Sim;Não Informado;INATIVA
98;ATIVA;PRIVADO;;ASSOCIACAO PRIVADA;3999;Não;Não;Não;Sim;AMARELO;MEDIA
100;ATIVA;PRIVADO;0 a 5;EMPRESA INDIVIDUAL DE RESPONSABILIDADE LIMITADA DE NATUREZA EMPRESARIA;2305;Não;Sim;Não;Sim;AZUL;MEDIA
105;ATIVA;PRIVADO;;EMPRESARIO INDIVIDUAL;2135;Não;Sim;Sim;Sim;AZUL;ALTA
110;ATIVA;PRIVADO;;ASSOCIACAO PRIVADA;3999;Não;Não;Não;Não;VERDE;MEDIA
115;ATIVA;PRIVADO;;EMPRESARIO INDIVIDUAL;2135;Não;Sim;Sim;Sim;LARANJA;MEDIA
114;BAIXADA;PRIVADO;;SOCIEDADE EMPRESARIA LIMITADA;2062;Não;Não;Não;Sim;AZUL;INATIVA
117;ATIVA;PRIVADO;;EMPRESARIO INDIVIDUAL;2135;Não;Não;Não;Sim;VERDE;MEDIA
113;ATIVA;PRIVADO;0 a 5;ASSOCIACAO PRIVADA;3999;Não;Não;Não;Sim;AZUL;ALTA
111;ATIVA;PRIVADO;;EMPRESA INDIVIDUAL DE RESPONSABILIDADE LIMITADA DE NATUREZA EMPRESARIA;2305;Não;Sim;Não;Sim;AZUL;MEDIA
112;ATIVA;PRIVADO;;EMPRESARIO INDIVIDUAL;2135;Não;Não;Não;Sim;AMARELO;ALTA
140;ATIVA;PRIVADO;0 a 5;SOCIEDADE EMPRESARIA LIMITADA;2062;Não;Não;Não;Sim;LARANJA;BAIXA
141;ATIVA;PRIVADO;;EMPRESA INDIVIDUAL IMOBILIARIA;4014;Não;Não;Não;Sim;LARANJA;BAIXA
138;ATIVA;PRIVADO;;EMPRESA INDIVIDUAL DE RESPONSABILIDADE LIMITADA DE NATUREZA EMPRESARIA;2305;Não;Sim;Não;Sim;VERDE;MEDIA
396;ATIVA;PRIVADO;;EMPRESA INDIVIDUAL IMOBILIARIA;4014;Não;Não;Não;Sim;AMARELO;ALTA
285;ATIVA;PRIVADO;;SOCIEDADE EMPRESARIA LIMITADA;2062;Não;Sim;Não;Sim;VERMELHO;MEDIA
139;ATIVA;PRIVADO;;EMPRESA INDIVIDUAL DE RESPONSABILIDADE LIMITADA DE NATUREZA EMPRESARIA;2305;Não;Sim;Não;Não;VERDE;ALTA
534;ATIVA;PRIVADO;6 a 10;SOCIEDADE EMPRESARIA LIMITADA;2062;Sim;Não;Não;Sim;VERDE;ALTA
536;ATIVA;PRIVADO;;SOCIEDADE SIMPLES LIMITADA;2240;Não;Não;Não;Não;AZUL;MEDIA
531;ATIVA;PRIVADO;;EMPRESA INDIVIDUAL DE RESPONSABILIDADE LIMITADA DE NATUREZA EMPRESARIA;2305;Não;Não;Não;Sim;LARANJA;MEDIA
491;BAIXADA;PRIVADO;;SOCIEDADE SIMPLES LIMITADA;2240;Não;Não;Não;Não;Não Informado;INATIVA
118;ATIVA;PRIVADO;;COOPERATIVA;2143;Não;Não;Não;Sim;AZUL;MEDIA
452;ATIVA;PRIVADO;31 a 50;SOCIEDADE EMPRESARIA LIMITADA;2062;Não;Não;Não;Não;VERDE;MEDIA
462;ATIVA;PRIVADO;;EMPRESA INDIVIDUAL DE RESPONSABILIDADE LIMITADA DE NATUREZA EMPRESARIA;2305;Não;Não;Não;Não;VERDE;MEDIA
400;ATIVA;PRIVADO;0 a 5;SOCIEDADE SIMPLES LIMITADA;2240;Não;Sim;Não;Sim;VERDE;MEDIA
414;ATIVA;PRIVADO;31 a 50;SOCIEDADE EMPRESARIA LIMITADA;2062;Não;Não;Não;Sim;VERDE;ALTA
119;ATIVA;PRIVADO;0 a 5;SOCIEDADE EMPRESARIA LIMITADA;2062;Não;Sim;Não;Sim;LARANJA;BAIXA
463;ATIVA;PRIVADO;;ORGANIZACAO RELIGIOSA;3220;Não;Não;Não;Não;VERDE;MEDIA
266;ATIVA;PRIVADO;0 a 5;SOCIEDADE EMPRESARIA LIMITADA;2062;Não;Não;Não;Sim;VERMELHO;BAIXA
430;ATIVA;PUBLICO;;FUNDO PUBLICO;1201;Não;Não;Não;Sim;LARANJA;MEDIA
537;BAIXADA;PRIVADO;;SOCIEDADE SIMPLES LIMITADA;2240;Não;Não;Não;Sim;VERMELHO;INATIVA
538;ATIVA;PRIVADO;0 a 5;EMPRESA INDIVIDUAL DE RESPONSABILIDADE LIMITADA DE NATUREZA EMPRESARIA;2305;Não;Não;Não;Não;VERDE;ALTA
224;ATIVA;PRIVADO;;SOCIEDADE EMPRESARIA LIMITADA;2062;Não;Não;Não;Sim;LARANJA;MUITO BAIXA
535;ATIVA;PRIVADO;;SOCIEDADE ANONIMA FECHADA;2054;Não;Não;Não;Sim;AZUL;ALTA
58;ATIVA;PRIVADO;;PRODUTOR RURAL PESSOA FISICA;4120;Não;Não;Não;Não;VERDE;MEDIA
122;ATIVA;PRIVADO;0 a 5;COOPERATIVA;2143;Não;Não;Não;Não;VERDE;ALTA
306;BAIXADA;PRIVADO;0 a 5;SOCIEDADE EMPRESARIA LIMITADA;2062;Não;Não;Não;Não;VERDE;INATIVA
399;ATIVA;PRIVADO;0 a 5;EMPRESARIO INDIVIDUAL;2135;Não;Sim;Sim;Sim;AMARELO;BAIXA
303;ATIVA;PRIVADO;0 a 5;SOCIEDADE EMPRESARIA LIMITADA;2062;Não;Não;Não;Sim;VERDE;MEDIA
539;ATIVA;PRIVADO;;SOCIEDADE SIMPLES PURA;2232;Não;Não;Não;Sim;LARANJA;BAIXA
405;ATIVA;PRIVADO;;SOCIEDADE ANONIMA FECHADA;2054;Não;Não;Não;Não;VERMELHO;MUITO BAIXA
142;ATIVA;PRIVADO;0 a 5;EMPRESA INDIVIDUAL DE RESPONSABILIDADE LIMITADA DE NATUREZA EMPRESARIA;2305;Não;Sim;Não;Sim;AZUL;ALTA
490;BAIXADA;PRIVADO;;EMPRESARIO INDIVIDUAL;2135;Não;Sim;Não;Não;Não Informado;INATIVA
431;ATIVA;PRIVADO;16 a 30;SOCIEDADE EMPRESARIA LIMITADA;2062;Não;Não;Não;Sim;AZUL;MEDIA
497;BAIXADA;PRIVADO;;EMPRESARIO INDIVIDUAL;2135;Não;Não;Não;Não;AMARELO;INATIVA
427;ATIVA;PRIVADO;;SOCIEDADE EMPRESARIA LIMITADA;2062;Não;Não;Não;Não;AZUL;MEDIA
508;ATIVA;PRIVADO;;COOPERATIVA;2143;Não;Não;Não;Sim;AMARELO;BAIXA
481;ATIVA;PRIVADO;0 a 5;SOCIEDADE EMPRESARIA LIMITADA;2062;Não;Sim;Não;Sim;LARANJA;MEDIA
123;ATIVA;PRIVADO;;SERVICO NOTARIAL E REGISTRAL CARTORIO;3034;Não;Não;Não;Sim;AZUL;ALTA
260;ATIVA;PRIVADO;;SOCIEDADE SIMPLES LIMITADA;2240;Não;Não;Não;Não;LARANJA;MEDIA
295;BAIXADA;PRIVADO;;SOCIEDADE EMPRESARIA EM NOME COLETIVO;2070;Não;Não;Não;Sim;Não Informado;INATIVA
250;BAIXADA;PRIVADO;;EMPRESARIO INDIVIDUAL;2135;Não;Sim;Não;Não;VERDE;INATIVA
540;ATIVA;PRIVADO;0 a 5;EMPRESA INDIVIDUAL IMOBILIARIA;4014;Não;Não;Não;Sim;LARANJA;MEDIA
465;ATIVA;PRIVADO;6 a 10;SOCIEDADE EMPRESARIA LIMITADA;2062;Não;Não;Não;Sim;AZUL;MEDIA
422;ATIVA;PRIVADO;6 a 10;SOCIEDADE EMPRESARIA LIMITADA;2062;Não;Sim;Não;Sim;VERDE;MEDIA
541;ATIVA;PRIVADO;0 a 5;FUNDACAO PRIVADA;3069;Não;Não;Não;Não;VERDE;ALTA
351;ATIVA;PRIVADO;;SOCIEDADE ANONIMA FECHADA;2054;Não;Não;Não;Não;VERMELHO;ALTA
413;ATIVA;PRIVADO;;ENTIDADE SINDICAL;3131;Não;Não;Não;Sim;LARANJA;ALTA
542;ATIVA;PUBLICO;16 a 30;AUTARQUIA MUNICIPAL;1120;Não;Não;Não;Sim;VERDE;ALTA
218;ATIVA;PRIVADO;;SOCIEDADE EMPRESARIA LIMITADA;2062;Não;Sim;Não;Sim;AMARELO;MEDIA
324;BAIXADA;PRIVADO;;SOCIEDADE SIMPLES LIMITADA;2240;Não;Não;Não;Sim;LARANJA;INATIVA
127;ATIVA;PRIVADO;0 a 5;SOCIEDADE EMPRESARIA LIMITADA;2062;Não;Não;Não;Não;VERMELHO;MUITO BAIXA
221;ATIVA;PRIVADO;;EMPRESARIO INDIVIDUAL;2135;Não;Sim;Não;Sim;LARANJA;MEDIA
544;BAIXADA;PRIVADO;0 a 5;SOCIEDADE EMPRESARIA LIMITADA;2062;Não;Sim;Não;Sim;AZUL;INATIVA
545;ATIVA;PRIVADO; > 50;SOCIEDADE ANONIMA FECHADA;2054;Não;Não;Não;Sim;AZUL;ALTA
343;ATIVA;PRIVADO;16 a 30;SOCIEDADE EMPRESARIA LIMITADA;2062;Não;Não;Não;Não;VERDE;ALTA
442;ATIVA;PUBLICO;0 a 5;FUNDO PUBLICO;1201;Não;Não;Não;Sim;VERDE;ALTA
53;ATIVA;PRIVADO;;EMPRESARIO INDIVIDUAL;2135;Não;Não;Não;Sim;AMARELO;MEDIA
305;ATIVA;PRIVADO;;SOCIEDADE EMPRESARIA LIMITADA;2062;Não;Não;Não;Sim;VERMELHO;ALTA
304;BAIXADA;PRIVADO;;EMPRESARIO INDIVIDUAL;2135;Não;Não;Não;Sim;VERMELHO;INATIVA
546;ATIVA;PRIVADO;31 a 50;SOCIEDADE EMPRESARIA LIMITADA;2062;Não;Não;Não;Não;VERDE;ALTA
239;ATIVA;PRIVADO;0 a 5;ASSOCIACAO PRIVADA;3999;Não;Não;Não;Não;VERDE;ALTA
347;ATIVA;PRIVADO;0 a 5;PRODUTOR RURAL PESSOA FISICA;4120;Não;Não;Não;Sim;VERDE;MEDIA
437;ATIVA;PRIVADO;;EMPRESA INDIVIDUAL DE RESPONSABILIDADE LIMITADA DE NATUREZA EMPRESARIA;2305;Não;Não;Não;Sim;AZUL;BAIXA
499;ATIVA;PRIVADO;0 a 5;EMPRESARIO INDIVIDUAL;2135;Não;Não;Não;Sim;AMARELO;MEDIA
